{
    "preset": "Default",
    "remembered": {
      "Default": {
        "0": {
          "wireframe": false,
          "gridSize": 800
        },
        "1": {
          "height": 7,
          "length": 0.06,
          "speed": 0.00075
        },
        "2": {
          "fovy": 46,
          "x": -250,
          "z": -21,
          "height": 19,
          "target_x": 500,
          "target_y": 0,
          "target_z": -7,
          "aspect": 1
        },
        "3": {
          "wave_start": [
            0,
            56,
            255
          ],
          "wave_end": [
            255,
            255,
            255
          ],
          "background": [
            255,
            229,
            204
          ]
        }
      },
      "Slow Horizon": {
        "0": {
          "wireframe": false,
          "gridSize": 4000
        },
        "1": {
          "height": 43.78769601930036,
          "length": 0.018542133379286577,
          "speed": 0.00075
        },
        "2": {
          "fovy": 46,
          "x": 2000,
          "z": -21,
          "height": 200,
          "target_x": 500,
          "target_y": 0,
          "target_z": -7,
          "aspect": 1
        },
        "3": {
          "wave_start": [
            217,
            250,
            248.05882352941174
          ],
          "wave_end": [
            0,
            0,
            117.50000000000001
          ],
          "background": [
            195,
            142.60569852941174,
            142.60569852941174
          ]
        }
      },
      "Hazy": {
        "0": {
          "wireframe": false,
          "gridSize": 800
        },
        "1": {
          "height": 7,
          "length": 0.06,
          "speed": 0.00075
        },
        "2": {
          "fovy": 46,
          "x": -250,
          "z": -21,
          "height": 19,
          "target_x": 500,
          "target_y": 0,
          "target_z": -7,
          "aspect": 1
        },
        "3": {
          "wave_start": [
            156.484375,
            202.18750000000003,
            255
          ],
          "wave_end": [
            85.0873161764706,
            91.08149509803923,
            175
          ],
          "background": [
            255,
            229,
            204
          ]
        }
      }
    },
    "closed": false,
    "folders": {
      "Wave": {
        "preset": "Default",
        "closed": false,
        "folders": {}
      },
      "Camera": {
        "preset": "Default",
        "closed": false,
        "folders": {}
      },
      "Colors": {
        "preset": "Default",
        "closed": false,
        "folders": {}
      }
    }
  }